﻿{"gpos":[{"Properties":{"highvalue":false,"name":"DEFAULT DOMAIN CONTROLLERS POLICY@BADBLOOD.COM","domain":"BADBLOOD.COM","objectid":"A913D039-3F92-4F57-B891-213CD9D2BE87","distinguishedname":"CN={6AC1786C-016F-11D2-945F-00C04fB984F9},CN=Policies,CN=System,DC=badblood,DC=com","description":null,"gpcpath":"\\\\badblood.com\\sysvol\\badblood.com\\Policies\\{6AC1786C-016F-11D2-945F-00C04fB984F9}"},"ObjectIdentifier":"A913D039-3F92-4F57-B891-213CD9D2BE87","Aces":[{"PrincipalSID":"S-1-5-21-752720426-403263186-3476391959-512","PrincipalType":"Group","RightName":"Owner","AceType":"","IsInherited":false},{"PrincipalSID":"S-1-5-21-752720426-403263186-3476391959-512","PrincipalType":"Group","RightName":"WriteDacl","AceType":"","IsInherited":false},{"PrincipalSID":"S-1-5-21-752720426-403263186-3476391959-512","PrincipalType":"Group","RightName":"WriteOwner","AceType":"","IsInherited":false},{"PrincipalSID":"S-1-5-21-752720426-403263186-3476391959-512","PrincipalType":"Group","RightName":"GenericWrite","AceType":"","IsInherited":false},{"PrincipalSID":"S-1-5-21-752720426-403263186-3476391959-512","PrincipalType":"Group","RightName":"WriteDacl","AceType":"","IsInherited":false},{"PrincipalSID":"S-1-5-21-752720426-403263186-3476391959-512","PrincipalType":"Group","RightName":"WriteOwner","AceType":"","IsInherited":false},{"PrincipalSID":"S-1-5-21-752720426-403263186-3476391959-512","PrincipalType":"Group","RightName":"GenericWrite","AceType":"","IsInherited":false},{"PrincipalSID":"S-1-5-21-752720426-403263186-3476391959-519","PrincipalType":"Group","RightName":"WriteDacl","AceType":"","IsInherited":false},{"PrincipalSID":"S-1-5-21-752720426-403263186-3476391959-519","PrincipalType":"Group","RightName":"WriteOwner","AceType":"","IsInherited":false},{"PrincipalSID":"S-1-5-21-752720426-403263186-3476391959-519","PrincipalType":"Group","RightName":"GenericWrite","AceType":"","IsInherited":false}]},{"Properties":{"highvalue":false,"name":"DEFAULT DOMAIN POLICY@BADBLOOD.COM","domain":"BADBLOOD.COM","objectid":"92FB263D-EF70-4F97-974F-D17377152D85","distinguishedname":"CN={31B2F340-016D-11D2-945F-00C04FB984F9},CN=Policies,CN=System,DC=badblood,DC=com","description":null,"gpcpath":"\\\\badblood.com\\sysvol\\badblood.com\\Policies\\{31B2F340-016D-11D2-945F-00C04FB984F9}"},"ObjectIdentifier":"92FB263D-EF70-4F97-974F-D17377152D85","Aces":[{"PrincipalSID":"S-1-5-21-752720426-403263186-3476391959-512","PrincipalType":"Group","RightName":"Owner","AceType":"","IsInherited":false},{"PrincipalSID":"S-1-5-21-752720426-403263186-3476391959-512","PrincipalType":"Group","RightName":"WriteDacl","AceType":"","IsInherited":false},{"PrincipalSID":"S-1-5-21-752720426-403263186-3476391959-512","PrincipalType":"Group","RightName":"WriteOwner","AceType":"","IsInherited":false},{"PrincipalSID":"S-1-5-21-752720426-403263186-3476391959-512","PrincipalType":"Group","RightName":"GenericWrite","AceType":"","IsInherited":false},{"PrincipalSID":"S-1-5-21-752720426-403263186-3476391959-512","PrincipalType":"Group","RightName":"WriteDacl","AceType":"","IsInherited":false},{"PrincipalSID":"S-1-5-21-752720426-403263186-3476391959-512","PrincipalType":"Group","RightName":"WriteOwner","AceType":"","IsInherited":false},{"PrincipalSID":"S-1-5-21-752720426-403263186-3476391959-512","PrincipalType":"Group","RightName":"GenericWrite","AceType":"","IsInherited":false},{"PrincipalSID":"S-1-5-21-752720426-403263186-3476391959-519","PrincipalType":"Group","RightName":"WriteDacl","AceType":"","IsInherited":false},{"PrincipalSID":"S-1-5-21-752720426-403263186-3476391959-519","PrincipalType":"Group","RightName":"WriteOwner","AceType":"","IsInherited":false},{"PrincipalSID":"S-1-5-21-752720426-403263186-3476391959-519","PrincipalType":"Group","RightName":"GenericWrite","AceType":"","IsInherited":false}]},{"Properties":{"highvalue":false,"name":"*- ADDITIONAL DOMAIN SECURITY SETTINGS@BADBLOOD.COM","domain":"BADBLOOD.COM","objectid":"808E6C08-3606-49F1-8E7C-605D87D199D5","distinguishedname":"CN={DD296187-1C6A-4E5F-BE99-08CDD3EF6986},CN=Policies,CN=System,DC=badblood,DC=com","description":null,"gpcpath":"\\\\badblood.com\\sysvol\\badblood.com\\Policies\\{DD296187-1C6A-4E5F-BE99-08CDD3EF6986}"},"ObjectIdentifier":"808E6C08-3606-49F1-8E7C-605D87D199D5","Aces":[{"PrincipalSID":"S-1-5-21-752720426-403263186-3476391959-512","PrincipalType":"Group","RightName":"Owner","AceType":"","IsInherited":false},{"PrincipalSID":"S-1-5-21-752720426-403263186-3476391959-512","PrincipalType":"Group","RightName":"WriteDacl","AceType":"","IsInherited":false},{"PrincipalSID":"S-1-5-21-752720426-403263186-3476391959-512","PrincipalType":"Group","RightName":"WriteOwner","AceType":"","IsInherited":false},{"PrincipalSID":"S-1-5-21-752720426-403263186-3476391959-512","PrincipalType":"Group","RightName":"GenericWrite","AceType":"","IsInherited":false},{"PrincipalSID":"S-1-5-21-752720426-403263186-3476391959-519","PrincipalType":"Group","RightName":"WriteDacl","AceType":"","IsInherited":false},{"PrincipalSID":"S-1-5-21-752720426-403263186-3476391959-519","PrincipalType":"Group","RightName":"WriteOwner","AceType":"","IsInherited":false},{"PrincipalSID":"S-1-5-21-752720426-403263186-3476391959-519","PrincipalType":"Group","RightName":"GenericWrite","AceType":"","IsInherited":false}]},{"Properties":{"highvalue":false,"name":"*- SCM WINDOWS 10 AND SERVER 2016 - DOMAIN SECURITY@BADBLOOD.COM","domain":"BADBLOOD.COM","objectid":"58BC49D5-D68E-4279-9927-2354A494439C","distinguishedname":"CN={05A729FA-B847-4B10-8603-79F8F104C80E},CN=Policies,CN=System,DC=badblood,DC=com","description":null,"gpcpath":"\\\\badblood.com\\sysvol\\badblood.com\\Policies\\{05A729FA-B847-4B10-8603-79F8F104C80E}"},"ObjectIdentifier":"58BC49D5-D68E-4279-9927-2354A494439C","Aces":[{"PrincipalSID":"S-1-5-21-752720426-403263186-3476391959-512","PrincipalType":"Group","RightName":"Owner","AceType":"","IsInherited":false},{"PrincipalSID":"S-1-5-21-752720426-403263186-3476391959-512","PrincipalType":"Group","RightName":"WriteDacl","AceType":"","IsInherited":false},{"PrincipalSID":"S-1-5-21-752720426-403263186-3476391959-512","PrincipalType":"Group","RightName":"WriteOwner","AceType":"","IsInherited":false},{"PrincipalSID":"S-1-5-21-752720426-403263186-3476391959-512","PrincipalType":"Group","RightName":"GenericWrite","AceType":"","IsInherited":false},{"PrincipalSID":"S-1-5-21-752720426-403263186-3476391959-519","PrincipalType":"Group","RightName":"WriteDacl","AceType":"","IsInherited":false},{"PrincipalSID":"S-1-5-21-752720426-403263186-3476391959-519","PrincipalType":"Group","RightName":"WriteOwner","AceType":"","IsInherited":false},{"PrincipalSID":"S-1-5-21-752720426-403263186-3476391959-519","PrincipalType":"Group","RightName":"GenericWrite","AceType":"","IsInherited":false}]},{"Properties":{"highvalue":false,"name":"*- TIER 0 HOST GUARDIAN SERVICE ADMINISTRATION POLICY@BADBLOOD.COM","domain":"BADBLOOD.COM","objectid":"9FF2E573-96FC-45AC-BDDE-F3F834579004","distinguishedname":"CN={9F60CCB9-F16F-44AA-83F5-DA454BC8434C},CN=Policies,CN=System,DC=badblood,DC=com","description":null,"gpcpath":"\\\\badblood.com\\sysvol\\badblood.com\\Policies\\{9F60CCB9-F16F-44AA-83F5-DA454BC8434C}"},"ObjectIdentifier":"9FF2E573-96FC-45AC-BDDE-F3F834579004","Aces":[{"PrincipalSID":"S-1-5-21-752720426-403263186-3476391959-512","PrincipalType":"Group","RightName":"Owner","AceType":"","IsInherited":false},{"PrincipalSID":"S-1-5-21-752720426-403263186-3476391959-512","PrincipalType":"Group","RightName":"WriteDacl","AceType":"","IsInherited":false},{"PrincipalSID":"S-1-5-21-752720426-403263186-3476391959-512","PrincipalType":"Group","RightName":"WriteOwner","AceType":"","IsInherited":false},{"PrincipalSID":"S-1-5-21-752720426-403263186-3476391959-512","PrincipalType":"Group","RightName":"GenericWrite","AceType":"","IsInherited":false},{"PrincipalSID":"S-1-5-21-752720426-403263186-3476391959-519","PrincipalType":"Group","RightName":"WriteDacl","AceType":"","IsInherited":false},{"PrincipalSID":"S-1-5-21-752720426-403263186-3476391959-519","PrincipalType":"Group","RightName":"WriteOwner","AceType":"","IsInherited":false},{"PrincipalSID":"S-1-5-21-752720426-403263186-3476391959-519","PrincipalType":"Group","RightName":"GenericWrite","AceType":"","IsInherited":false}]},{"Properties":{"highvalue":false,"name":"*- TIER 2 BASE APPLOCKER AUDIT@BADBLOOD.COM","domain":"BADBLOOD.COM","objectid":"736F4B39-8491-44F8-B0B7-DFE73ACDCD77","distinguishedname":"CN={2731122E-BB0E-47F5-88E5-716D3958F9E4},CN=Policies,CN=System,DC=badblood,DC=com","description":null,"gpcpath":"\\\\badblood.com\\sysvol\\badblood.com\\Policies\\{2731122E-BB0E-47F5-88E5-716D3958F9E4}"},"ObjectIdentifier":"736F4B39-8491-44F8-B0B7-DFE73ACDCD77","Aces":[{"PrincipalSID":"S-1-5-21-752720426-403263186-3476391959-512","PrincipalType":"Group","RightName":"Owner","AceType":"","IsInherited":false},{"PrincipalSID":"S-1-5-21-752720426-403263186-3476391959-512","PrincipalType":"Group","RightName":"WriteDacl","AceType":"","IsInherited":false},{"PrincipalSID":"S-1-5-21-752720426-403263186-3476391959-512","PrincipalType":"Group","RightName":"WriteOwner","AceType":"","IsInherited":false},{"PrincipalSID":"S-1-5-21-752720426-403263186-3476391959-512","PrincipalType":"Group","RightName":"GenericWrite","AceType":"","IsInherited":false},{"PrincipalSID":"S-1-5-21-752720426-403263186-3476391959-519","PrincipalType":"Group","RightName":"WriteDacl","AceType":"","IsInherited":false},{"PrincipalSID":"S-1-5-21-752720426-403263186-3476391959-519","PrincipalType":"Group","RightName":"WriteOwner","AceType":"","IsInherited":false},{"PrincipalSID":"S-1-5-21-752720426-403263186-3476391959-519","PrincipalType":"Group","RightName":"GenericWrite","AceType":"","IsInherited":false}]},{"Properties":{"highvalue":false,"name":"*- TIER 2 BASE APPLOCKER ENFORCE@BADBLOOD.COM","domain":"BADBLOOD.COM","objectid":"83EA5389-A52D-41B5-987C-7A5DAE6292C8","distinguishedname":"CN={AF4BD9B8-1608-4751-8820-FE410DB1B3CF},CN=Policies,CN=System,DC=badblood,DC=com","description":null,"gpcpath":"\\\\badblood.com\\sysvol\\badblood.com\\Policies\\{AF4BD9B8-1608-4751-8820-FE410DB1B3CF}"},"ObjectIdentifier":"83EA5389-A52D-41B5-987C-7A5DAE6292C8","Aces":[{"PrincipalSID":"S-1-5-21-752720426-403263186-3476391959-512","PrincipalType":"Group","RightName":"Owner","AceType":"","IsInherited":false},{"PrincipalSID":"S-1-5-21-752720426-403263186-3476391959-512","PrincipalType":"Group","RightName":"WriteDacl","AceType":"","IsInherited":false},{"PrincipalSID":"S-1-5-21-752720426-403263186-3476391959-512","PrincipalType":"Group","RightName":"WriteOwner","AceType":"","IsInherited":false},{"PrincipalSID":"S-1-5-21-752720426-403263186-3476391959-512","PrincipalType":"Group","RightName":"GenericWrite","AceType":"","IsInherited":false},{"PrincipalSID":"S-1-5-21-752720426-403263186-3476391959-519","PrincipalType":"Group","RightName":"WriteDacl","AceType":"","IsInherited":false},{"PrincipalSID":"S-1-5-21-752720426-403263186-3476391959-519","PrincipalType":"Group","RightName":"WriteOwner","AceType":"","IsInherited":false},{"PrincipalSID":"S-1-5-21-752720426-403263186-3476391959-519","PrincipalType":"Group","RightName":"GenericWrite","AceType":"","IsInherited":false}]},{"Properties":{"highvalue":false,"name":"*- TIER 2 PAWS@BADBLOOD.COM","domain":"BADBLOOD.COM","objectid":"46BADDA6-5DE8-4795-A3E5-CDC32AADD822","distinguishedname":"CN={A8984F06-6AD7-4E70-926D-BEE2D80E2C80},CN=Policies,CN=System,DC=badblood,DC=com","description":null,"gpcpath":"\\\\badblood.com\\sysvol\\badblood.com\\Policies\\{A8984F06-6AD7-4E70-926D-BEE2D80E2C80}"},"ObjectIdentifier":"46BADDA6-5DE8-4795-A3E5-CDC32AADD822","Aces":[{"PrincipalSID":"S-1-5-21-752720426-403263186-3476391959-512","PrincipalType":"Group","RightName":"Owner","AceType":"","IsInherited":false},{"PrincipalSID":"S-1-5-21-752720426-403263186-3476391959-512","PrincipalType":"Group","RightName":"WriteDacl","AceType":"","IsInherited":false},{"PrincipalSID":"S-1-5-21-752720426-403263186-3476391959-512","PrincipalType":"Group","RightName":"WriteOwner","AceType":"","IsInherited":false},{"PrincipalSID":"S-1-5-21-752720426-403263186-3476391959-512","PrincipalType":"Group","RightName":"GenericWrite","AceType":"","IsInherited":false},{"PrincipalSID":"S-1-5-21-752720426-403263186-3476391959-519","PrincipalType":"Group","RightName":"WriteDacl","AceType":"","IsInherited":false},{"PrincipalSID":"S-1-5-21-752720426-403263186-3476391959-519","PrincipalType":"Group","RightName":"WriteOwner","AceType":"","IsInherited":false},{"PrincipalSID":"S-1-5-21-752720426-403263186-3476391959-519","PrincipalType":"Group","RightName":"GenericWrite","AceType":"","IsInherited":false}]},{"Properties":{"highvalue":false,"name":"*- TIER 1 BASE APPLOCKER AUDIT@BADBLOOD.COM","domain":"BADBLOOD.COM","objectid":"54A0CA52-B9A1-4684-B738-F4380C7A2583","distinguishedname":"CN={7F6B202C-7B09-482A-B633-29ED306ACEDF},CN=Policies,CN=System,DC=badblood,DC=com","description":null,"gpcpath":"\\\\badblood.com\\sysvol\\badblood.com\\Policies\\{7F6B202C-7B09-482A-B633-29ED306ACEDF}"},"ObjectIdentifier":"54A0CA52-B9A1-4684-B738-F4380C7A2583","Aces":[{"PrincipalSID":"S-1-5-21-752720426-403263186-3476391959-512","PrincipalType":"Group","RightName":"Owner","AceType":"","IsInherited":false},{"PrincipalSID":"S-1-5-21-752720426-403263186-3476391959-512","PrincipalType":"Group","RightName":"WriteDacl","AceType":"","IsInherited":false},{"PrincipalSID":"S-1-5-21-752720426-403263186-3476391959-512","PrincipalType":"Group","RightName":"WriteOwner","AceType":"","IsInherited":false},{"PrincipalSID":"S-1-5-21-752720426-403263186-3476391959-512","PrincipalType":"Group","RightName":"GenericWrite","AceType":"","IsInherited":false},{"PrincipalSID":"S-1-5-21-752720426-403263186-3476391959-519","PrincipalType":"Group","RightName":"WriteDacl","AceType":"","IsInherited":false},{"PrincipalSID":"S-1-5-21-752720426-403263186-3476391959-519","PrincipalType":"Group","RightName":"WriteOwner","AceType":"","IsInherited":false},{"PrincipalSID":"S-1-5-21-752720426-403263186-3476391959-519","PrincipalType":"Group","RightName":"GenericWrite","AceType":"","IsInherited":false}]},{"Properties":{"highvalue":false,"name":"*- TIER 1 BASE APPLOCKER ENFORCE@BADBLOOD.COM","domain":"BADBLOOD.COM","objectid":"413AE517-69FD-4321-8865-96D5E6C8EC31","distinguishedname":"CN={73A46DB8-7A10-4628-9323-5C6CBCC87916},CN=Policies,CN=System,DC=badblood,DC=com","description":null,"gpcpath":"\\\\badblood.com\\sysvol\\badblood.com\\Policies\\{73A46DB8-7A10-4628-9323-5C6CBCC87916}"},"ObjectIdentifier":"413AE517-69FD-4321-8865-96D5E6C8EC31","Aces":[{"PrincipalSID":"S-1-5-21-752720426-403263186-3476391959-512","PrincipalType":"Group","RightName":"Owner","AceType":"","IsInherited":false},{"PrincipalSID":"S-1-5-21-752720426-403263186-3476391959-512","PrincipalType":"Group","RightName":"WriteDacl","AceType":"","IsInherited":false},{"PrincipalSID":"S-1-5-21-752720426-403263186-3476391959-512","PrincipalType":"Group","RightName":"WriteOwner","AceType":"","IsInherited":false},{"PrincipalSID":"S-1-5-21-752720426-403263186-3476391959-512","PrincipalType":"Group","RightName":"GenericWrite","AceType":"","IsInherited":false},{"PrincipalSID":"S-1-5-21-752720426-403263186-3476391959-519","PrincipalType":"Group","RightName":"WriteDacl","AceType":"","IsInherited":false},{"PrincipalSID":"S-1-5-21-752720426-403263186-3476391959-519","PrincipalType":"Group","RightName":"WriteOwner","AceType":"","IsInherited":false},{"PrincipalSID":"S-1-5-21-752720426-403263186-3476391959-519","PrincipalType":"Group","RightName":"GenericWrite","AceType":"","IsInherited":false}]},{"Properties":{"highvalue":false,"name":"*- TIER 1 PAWS@BADBLOOD.COM","domain":"BADBLOOD.COM","objectid":"2F3BD2AF-7474-415C-9446-76CBF9F48709","distinguishedname":"CN={9F18B1C2-6E90-4860-9E9D-4314D17EF885},CN=Policies,CN=System,DC=badblood,DC=com","description":null,"gpcpath":"\\\\badblood.com\\sysvol\\badblood.com\\Policies\\{9F18B1C2-6E90-4860-9E9D-4314D17EF885}"},"ObjectIdentifier":"2F3BD2AF-7474-415C-9446-76CBF9F48709","Aces":[{"PrincipalSID":"S-1-5-21-752720426-403263186-3476391959-512","PrincipalType":"Group","RightName":"Owner","AceType":"","IsInherited":false},{"PrincipalSID":"S-1-5-21-752720426-403263186-3476391959-512","PrincipalType":"Group","RightName":"WriteDacl","AceType":"","IsInherited":false},{"PrincipalSID":"S-1-5-21-752720426-403263186-3476391959-512","PrincipalType":"Group","RightName":"WriteOwner","AceType":"","IsInherited":false},{"PrincipalSID":"S-1-5-21-752720426-403263186-3476391959-512","PrincipalType":"Group","RightName":"GenericWrite","AceType":"","IsInherited":false},{"PrincipalSID":"S-1-5-21-752720426-403263186-3476391959-519","PrincipalType":"Group","RightName":"WriteDacl","AceType":"","IsInherited":false},{"PrincipalSID":"S-1-5-21-752720426-403263186-3476391959-519","PrincipalType":"Group","RightName":"WriteOwner","AceType":"","IsInherited":false},{"PrincipalSID":"S-1-5-21-752720426-403263186-3476391959-519","PrincipalType":"Group","RightName":"GenericWrite","AceType":"","IsInherited":false}]},{"Properties":{"highvalue":false,"name":"*- TIER 0 SCM WINDOWS SERVER 2016 - MEMBER SERVER BASELINE - USER@BADBLOOD.COM","domain":"BADBLOOD.COM","objectid":"12EA3C06-A43D-4806-9EDC-93F19194B932","distinguishedname":"CN={ADADB48E-767C-499F-B33A-83E07550AD4D},CN=Policies,CN=System,DC=badblood,DC=com","description":null,"gpcpath":"\\\\badblood.com\\sysvol\\badblood.com\\Policies\\{ADADB48E-767C-499F-B33A-83E07550AD4D}"},"ObjectIdentifier":"12EA3C06-A43D-4806-9EDC-93F19194B932","Aces":[{"PrincipalSID":"S-1-5-21-752720426-403263186-3476391959-512","PrincipalType":"Group","RightName":"Owner","AceType":"","IsInherited":false},{"PrincipalSID":"S-1-5-21-752720426-403263186-3476391959-512","PrincipalType":"Group","RightName":"WriteDacl","AceType":"","IsInherited":false},{"PrincipalSID":"S-1-5-21-752720426-403263186-3476391959-512","PrincipalType":"Group","RightName":"WriteOwner","AceType":"","IsInherited":false},{"PrincipalSID":"S-1-5-21-752720426-403263186-3476391959-512","PrincipalType":"Group","RightName":"GenericWrite","AceType":"","IsInherited":false},{"PrincipalSID":"S-1-5-21-752720426-403263186-3476391959-519","PrincipalType":"Group","RightName":"WriteDacl","AceType":"","IsInherited":false},{"PrincipalSID":"S-1-5-21-752720426-403263186-3476391959-519","PrincipalType":"Group","RightName":"WriteOwner","AceType":"","IsInherited":false},{"PrincipalSID":"S-1-5-21-752720426-403263186-3476391959-519","PrincipalType":"Group","RightName":"GenericWrite","AceType":"","IsInherited":false}]},{"Properties":{"highvalue":false,"name":"*- TIER 0 SCM WINDOWS SERVER 2016 - MEMBER SERVER BASELINE - COMPUTER@BADBLOOD.COM","domain":"BADBLOOD.COM","objectid":"55E3610C-EC23-4A7A-ABEA-5BB222AD240D","distinguishedname":"CN={0D6D188B-1D4C-4DC7-88F7-B810398878B0},CN=Policies,CN=System,DC=badblood,DC=com","description":null,"gpcpath":"\\\\badblood.com\\sysvol\\badblood.com\\Policies\\{0D6D188B-1D4C-4DC7-88F7-B810398878B0}"},"ObjectIdentifier":"55E3610C-EC23-4A7A-ABEA-5BB222AD240D","Aces":[{"PrincipalSID":"S-1-5-21-752720426-403263186-3476391959-512","PrincipalType":"Group","RightName":"Owner","AceType":"","IsInherited":false},{"PrincipalSID":"S-1-5-21-752720426-403263186-3476391959-512","PrincipalType":"Group","RightName":"WriteDacl","AceType":"","IsInherited":false},{"PrincipalSID":"S-1-5-21-752720426-403263186-3476391959-512","PrincipalType":"Group","RightName":"WriteOwner","AceType":"","IsInherited":false},{"PrincipalSID":"S-1-5-21-752720426-403263186-3476391959-512","PrincipalType":"Group","RightName":"GenericWrite","AceType":"","IsInherited":false},{"PrincipalSID":"S-1-5-21-752720426-403263186-3476391959-519","PrincipalType":"Group","RightName":"WriteDacl","AceType":"","IsInherited":false},{"PrincipalSID":"S-1-5-21-752720426-403263186-3476391959-519","PrincipalType":"Group","RightName":"WriteOwner","AceType":"","IsInherited":false},{"PrincipalSID":"S-1-5-21-752720426-403263186-3476391959-519","PrincipalType":"Group","RightName":"GenericWrite","AceType":"","IsInherited":false}]},{"Properties":{"highvalue":false,"name":"*- TIER 0 MSFT WINDOWS SERVER 2012 R2 MEMBER SERVER BASELINE@BADBLOOD.COM","domain":"BADBLOOD.COM","objectid":"ACC76227-1496-4887-B012-D87A7242345E","distinguishedname":"CN={35B080CC-3DFA-45EE-B24C-5C87B130B5D8},CN=Policies,CN=System,DC=badblood,DC=com","description":null,"gpcpath":"\\\\badblood.com\\sysvol\\badblood.com\\Policies\\{35B080CC-3DFA-45EE-B24C-5C87B130B5D8}"},"ObjectIdentifier":"ACC76227-1496-4887-B012-D87A7242345E","Aces":[{"PrincipalSID":"S-1-5-21-752720426-403263186-3476391959-512","PrincipalType":"Group","RightName":"Owner","AceType":"","IsInherited":false},{"PrincipalSID":"S-1-5-21-752720426-403263186-3476391959-512","PrincipalType":"Group","RightName":"WriteDacl","AceType":"","IsInherited":false},{"PrincipalSID":"S-1-5-21-752720426-403263186-3476391959-512","PrincipalType":"Group","RightName":"WriteOwner","AceType":"","IsInherited":false},{"PrincipalSID":"S-1-5-21-752720426-403263186-3476391959-512","PrincipalType":"Group","RightName":"GenericWrite","AceType":"","IsInherited":false},{"PrincipalSID":"S-1-5-21-752720426-403263186-3476391959-519","PrincipalType":"Group","RightName":"WriteDacl","AceType":"","IsInherited":false},{"PrincipalSID":"S-1-5-21-752720426-403263186-3476391959-519","PrincipalType":"Group","RightName":"WriteOwner","AceType":"","IsInherited":false},{"PrincipalSID":"S-1-5-21-752720426-403263186-3476391959-519","PrincipalType":"Group","RightName":"GenericWrite","AceType":"","IsInherited":false}]},{"Properties":{"highvalue":false,"name":"*- TIER 0 SERVERS@BADBLOOD.COM","domain":"BADBLOOD.COM","objectid":"F3AB8CB4-95FB-4D5D-85EA-8D01716473EB","distinguishedname":"CN={AC5228F0-FC7E-4FBF-ADA4-8F40C59EEE18},CN=Policies,CN=System,DC=badblood,DC=com","description":null,"gpcpath":"\\\\badblood.com\\sysvol\\badblood.com\\Policies\\{AC5228F0-FC7E-4FBF-ADA4-8F40C59EEE18}"},"ObjectIdentifier":"F3AB8CB4-95FB-4D5D-85EA-8D01716473EB","Aces":[{"PrincipalSID":"S-1-5-21-752720426-403263186-3476391959-512","PrincipalType":"Group","RightName":"Owner","AceType":"","IsInherited":false},{"PrincipalSID":"S-1-5-21-752720426-403263186-3476391959-512","PrincipalType":"Group","RightName":"WriteDacl","AceType":"","IsInherited":false},{"PrincipalSID":"S-1-5-21-752720426-403263186-3476391959-512","PrincipalType":"Group","RightName":"WriteOwner","AceType":"","IsInherited":false},{"PrincipalSID":"S-1-5-21-752720426-403263186-3476391959-512","PrincipalType":"Group","RightName":"GenericWrite","AceType":"","IsInherited":false},{"PrincipalSID":"S-1-5-21-752720426-403263186-3476391959-519","PrincipalType":"Group","RightName":"WriteDacl","AceType":"","IsInherited":false},{"PrincipalSID":"S-1-5-21-752720426-403263186-3476391959-519","PrincipalType":"Group","RightName":"WriteOwner","AceType":"","IsInherited":false},{"PrincipalSID":"S-1-5-21-752720426-403263186-3476391959-519","PrincipalType":"Group","RightName":"GenericWrite","AceType":"","IsInherited":false}]},{"Properties":{"highvalue":false,"name":"*- TIER 0 EMET BASELINE@BADBLOOD.COM","domain":"BADBLOOD.COM","objectid":"C9BC3DBE-ED12-4D4C-B2FB-0B7E601AA792","distinguishedname":"CN={65BCEC93-D422-4F40-98A6-1D7B97E024D1},CN=Policies,CN=System,DC=badblood,DC=com","description":null,"gpcpath":"\\\\badblood.com\\sysvol\\badblood.com\\Policies\\{65BCEC93-D422-4F40-98A6-1D7B97E024D1}"},"ObjectIdentifier":"C9BC3DBE-ED12-4D4C-B2FB-0B7E601AA792","Aces":[{"PrincipalSID":"S-1-5-21-752720426-403263186-3476391959-512","PrincipalType":"Group","RightName":"Owner","AceType":"","IsInherited":false},{"PrincipalSID":"S-1-5-21-752720426-403263186-3476391959-512","PrincipalType":"Group","RightName":"WriteDacl","AceType":"","IsInherited":false},{"PrincipalSID":"S-1-5-21-752720426-403263186-3476391959-512","PrincipalType":"Group","RightName":"WriteOwner","AceType":"","IsInherited":false},{"PrincipalSID":"S-1-5-21-752720426-403263186-3476391959-512","PrincipalType":"Group","RightName":"GenericWrite","AceType":"","IsInherited":false},{"PrincipalSID":"S-1-5-21-752720426-403263186-3476391959-519","PrincipalType":"Group","RightName":"WriteDacl","AceType":"","IsInherited":false},{"PrincipalSID":"S-1-5-21-752720426-403263186-3476391959-519","PrincipalType":"Group","RightName":"WriteOwner","AceType":"","IsInherited":false},{"PrincipalSID":"S-1-5-21-752720426-403263186-3476391959-519","PrincipalType":"Group","RightName":"GenericWrite","AceType":"","IsInherited":false}]},{"Properties":{"highvalue":false,"name":"*- TIER 0 SCM INTERNET EXPLORER 11 - COMPUTER@BADBLOOD.COM","domain":"BADBLOOD.COM","objectid":"07948C3A-1060-47F3-8CF8-AD24B579F22A","distinguishedname":"CN={5CF41C9F-7CF5-46CA-988F-D0C8F2CA311B},CN=Policies,CN=System,DC=badblood,DC=com","description":null,"gpcpath":"\\\\badblood.com\\sysvol\\badblood.com\\Policies\\{5CF41C9F-7CF5-46CA-988F-D0C8F2CA311B}"},"ObjectIdentifier":"07948C3A-1060-47F3-8CF8-AD24B579F22A","Aces":[{"PrincipalSID":"S-1-5-21-752720426-403263186-3476391959-512","PrincipalType":"Group","RightName":"Owner","AceType":"","IsInherited":false},{"PrincipalSID":"S-1-5-21-752720426-403263186-3476391959-512","PrincipalType":"Group","RightName":"WriteDacl","AceType":"","IsInherited":false},{"PrincipalSID":"S-1-5-21-752720426-403263186-3476391959-512","PrincipalType":"Group","RightName":"WriteOwner","AceType":"","IsInherited":false},{"PrincipalSID":"S-1-5-21-752720426-403263186-3476391959-512","PrincipalType":"Group","RightName":"GenericWrite","AceType":"","IsInherited":false},{"PrincipalSID":"S-1-5-21-752720426-403263186-3476391959-519","PrincipalType":"Group","RightName":"WriteDacl","AceType":"","IsInherited":false},{"PrincipalSID":"S-1-5-21-752720426-403263186-3476391959-519","PrincipalType":"Group","RightName":"WriteOwner","AceType":"","IsInherited":false},{"PrincipalSID":"S-1-5-21-752720426-403263186-3476391959-519","PrincipalType":"Group","RightName":"GenericWrite","AceType":"","IsInherited":false}]},{"Properties":{"highvalue":false,"name":"*- TIER 0 SCM WINDOWS 10 AND SERVER 2016 - CREDENTIAL GUARD@BADBLOOD.COM","domain":"BADBLOOD.COM","objectid":"A4D65233-13FB-4A6E-ADDE-D7EEBD75D767","distinguishedname":"CN={C18ECB23-7460-4024-8836-8916DC5BA26A},CN=Policies,CN=System,DC=badblood,DC=com","description":null,"gpcpath":"\\\\badblood.com\\sysvol\\badblood.com\\Policies\\{C18ECB23-7460-4024-8836-8916DC5BA26A}"},"ObjectIdentifier":"A4D65233-13FB-4A6E-ADDE-D7EEBD75D767","Aces":[{"PrincipalSID":"S-1-5-21-752720426-403263186-3476391959-512","PrincipalType":"Group","RightName":"Owner","AceType":"","IsInherited":false},{"PrincipalSID":"S-1-5-21-752720426-403263186-3476391959-512","PrincipalType":"Group","RightName":"WriteDacl","AceType":"","IsInherited":false},{"PrincipalSID":"S-1-5-21-752720426-403263186-3476391959-512","PrincipalType":"Group","RightName":"WriteOwner","AceType":"","IsInherited":false},{"PrincipalSID":"S-1-5-21-752720426-403263186-3476391959-512","PrincipalType":"Group","RightName":"GenericWrite","AceType":"","IsInherited":false},{"PrincipalSID":"S-1-5-21-752720426-403263186-3476391959-519","PrincipalType":"Group","RightName":"WriteDacl","AceType":"","IsInherited":false},{"PrincipalSID":"S-1-5-21-752720426-403263186-3476391959-519","PrincipalType":"Group","RightName":"WriteOwner","AceType":"","IsInherited":false},{"PrincipalSID":"S-1-5-21-752720426-403263186-3476391959-519","PrincipalType":"Group","RightName":"GenericWrite","AceType":"","IsInherited":false}]},{"Properties":{"highvalue":false,"name":"*- TIER 0 SCM WINDOWS 10 RS1 - BITLOCKER@BADBLOOD.COM","domain":"BADBLOOD.COM","objectid":"7942CB87-F760-49E2-AE81-FBCC38F86ED6","distinguishedname":"CN={EAB68FB4-B9E4-434C-A58C-1B6DFF30F0A9},CN=Policies,CN=System,DC=badblood,DC=com","description":null,"gpcpath":"\\\\badblood.com\\sysvol\\badblood.com\\Policies\\{EAB68FB4-B9E4-434C-A58C-1B6DFF30F0A9}"},"ObjectIdentifier":"7942CB87-F760-49E2-AE81-FBCC38F86ED6","Aces":[{"PrincipalSID":"S-1-5-21-752720426-403263186-3476391959-512","PrincipalType":"Group","RightName":"Owner","AceType":"","IsInherited":false},{"PrincipalSID":"S-1-5-21-752720426-403263186-3476391959-512","PrincipalType":"Group","RightName":"WriteDacl","AceType":"","IsInherited":false},{"PrincipalSID":"S-1-5-21-752720426-403263186-3476391959-512","PrincipalType":"Group","RightName":"WriteOwner","AceType":"","IsInherited":false},{"PrincipalSID":"S-1-5-21-752720426-403263186-3476391959-512","PrincipalType":"Group","RightName":"GenericWrite","AceType":"","IsInherited":false},{"PrincipalSID":"S-1-5-21-752720426-403263186-3476391959-519","PrincipalType":"Group","RightName":"WriteDacl","AceType":"","IsInherited":false},{"PrincipalSID":"S-1-5-21-752720426-403263186-3476391959-519","PrincipalType":"Group","RightName":"WriteOwner","AceType":"","IsInherited":false},{"PrincipalSID":"S-1-5-21-752720426-403263186-3476391959-519","PrincipalType":"Group","RightName":"GenericWrite","AceType":"","IsInherited":false}]},{"Properties":{"highvalue":false,"name":"*- TIER 0 SCM WINDOWS 10 RS1 - COMPUTER@BADBLOOD.COM","domain":"BADBLOOD.COM","objectid":"7BB1D214-45CC-4FE6-8B74-D99B59F74C67","distinguishedname":"CN={99710947-A0C2-4F45-A492-D08BB95FAA46},CN=Policies,CN=System,DC=badblood,DC=com","description":null,"gpcpath":"\\\\badblood.com\\sysvol\\badblood.com\\Policies\\{99710947-A0C2-4F45-A492-D08BB95FAA46}"},"ObjectIdentifier":"7BB1D214-45CC-4FE6-8B74-D99B59F74C67","Aces":[{"PrincipalSID":"S-1-5-21-752720426-403263186-3476391959-512","PrincipalType":"Group","RightName":"Owner","AceType":"","IsInherited":false},{"PrincipalSID":"S-1-5-21-752720426-403263186-3476391959-512","PrincipalType":"Group","RightName":"WriteDacl","AceType":"","IsInherited":false},{"PrincipalSID":"S-1-5-21-752720426-403263186-3476391959-512","PrincipalType":"Group","RightName":"WriteOwner","AceType":"","IsInherited":false},{"PrincipalSID":"S-1-5-21-752720426-403263186-3476391959-512","PrincipalType":"Group","RightName":"GenericWrite","AceType":"","IsInherited":false},{"PrincipalSID":"S-1-5-21-752720426-403263186-3476391959-519","PrincipalType":"Group","RightName":"WriteDacl","AceType":"","IsInherited":false},{"PrincipalSID":"S-1-5-21-752720426-403263186-3476391959-519","PrincipalType":"Group","RightName":"WriteOwner","AceType":"","IsInherited":false},{"PrincipalSID":"S-1-5-21-752720426-403263186-3476391959-519","PrincipalType":"Group","RightName":"GenericWrite","AceType":"","IsInherited":false}]},{"Properties":{"highvalue":false,"name":"*- TIER 0 SCM WINDOWS 10 AND SERVER 2016 - DEFENDER@BADBLOOD.COM","domain":"BADBLOOD.COM","objectid":"F8B8F76B-CB55-4F9C-A023-F521C7362970","distinguishedname":"CN={721C2AE3-3AAB-4DFE-A522-A3829B514979},CN=Policies,CN=System,DC=badblood,DC=com","description":null,"gpcpath":"\\\\badblood.com\\sysvol\\badblood.com\\Policies\\{721C2AE3-3AAB-4DFE-A522-A3829B514979}"},"ObjectIdentifier":"F8B8F76B-CB55-4F9C-A023-F521C7362970","Aces":[{"PrincipalSID":"S-1-5-21-752720426-403263186-3476391959-512","PrincipalType":"Group","RightName":"Owner","AceType":"","IsInherited":false},{"PrincipalSID":"S-1-5-21-752720426-403263186-3476391959-512","PrincipalType":"Group","RightName":"WriteDacl","AceType":"","IsInherited":false},{"PrincipalSID":"S-1-5-21-752720426-403263186-3476391959-512","PrincipalType":"Group","RightName":"WriteOwner","AceType":"","IsInherited":false},{"PrincipalSID":"S-1-5-21-752720426-403263186-3476391959-512","PrincipalType":"Group","RightName":"GenericWrite","AceType":"","IsInherited":false},{"PrincipalSID":"S-1-5-21-752720426-403263186-3476391959-519","PrincipalType":"Group","RightName":"WriteDacl","AceType":"","IsInherited":false},{"PrincipalSID":"S-1-5-21-752720426-403263186-3476391959-519","PrincipalType":"Group","RightName":"WriteOwner","AceType":"","IsInherited":false},{"PrincipalSID":"S-1-5-21-752720426-403263186-3476391959-519","PrincipalType":"Group","RightName":"GenericWrite","AceType":"","IsInherited":false}]},{"Properties":{"highvalue":false,"name":"*- TIER 0 DEVICES BASE APPLOCKER AUDIT@BADBLOOD.COM","domain":"BADBLOOD.COM","objectid":"E593DB5C-2AEC-4256-9A0B-9DA84DC58520","distinguishedname":"CN={1837D034-E3BC-46AE-BC03-7E84254C202F},CN=Policies,CN=System,DC=badblood,DC=com","description":null,"gpcpath":"\\\\badblood.com\\sysvol\\badblood.com\\Policies\\{1837D034-E3BC-46AE-BC03-7E84254C202F}"},"ObjectIdentifier":"E593DB5C-2AEC-4256-9A0B-9DA84DC58520","Aces":[{"PrincipalSID":"S-1-5-21-752720426-403263186-3476391959-512","PrincipalType":"Group","RightName":"Owner","AceType":"","IsInherited":false},{"PrincipalSID":"S-1-5-21-752720426-403263186-3476391959-512","PrincipalType":"Group","RightName":"WriteDacl","AceType":"","IsInherited":false},{"PrincipalSID":"S-1-5-21-752720426-403263186-3476391959-512","PrincipalType":"Group","RightName":"WriteOwner","AceType":"","IsInherited":false},{"PrincipalSID":"S-1-5-21-752720426-403263186-3476391959-512","PrincipalType":"Group","RightName":"GenericWrite","AceType":"","IsInherited":false},{"PrincipalSID":"S-1-5-21-752720426-403263186-3476391959-519","PrincipalType":"Group","RightName":"WriteDacl","AceType":"","IsInherited":false},{"PrincipalSID":"S-1-5-21-752720426-403263186-3476391959-519","PrincipalType":"Group","RightName":"WriteOwner","AceType":"","IsInherited":false},{"PrincipalSID":"S-1-5-21-752720426-403263186-3476391959-519","PrincipalType":"Group","RightName":"GenericWrite","AceType":"","IsInherited":false}]},{"Properties":{"highvalue":false,"name":"*- TIER 0 LAPS@BADBLOOD.COM","domain":"BADBLOOD.COM","objectid":"59F11F12-225D-40AC-8D05-37E66465AC2C","distinguishedname":"CN={B1F06399-2AB0-4C16-8580-5503A2DE69AA},CN=Policies,CN=System,DC=badblood,DC=com","description":null,"gpcpath":"\\\\badblood.com\\sysvol\\badblood.com\\Policies\\{B1F06399-2AB0-4C16-8580-5503A2DE69AA}"},"ObjectIdentifier":"59F11F12-225D-40AC-8D05-37E66465AC2C","Aces":[{"PrincipalSID":"S-1-5-21-752720426-403263186-3476391959-512","PrincipalType":"Group","RightName":"Owner","AceType":"","IsInherited":false},{"PrincipalSID":"S-1-5-21-752720426-403263186-3476391959-512","PrincipalType":"Group","RightName":"WriteDacl","AceType":"","IsInherited":false},{"PrincipalSID":"S-1-5-21-752720426-403263186-3476391959-512","PrincipalType":"Group","RightName":"WriteOwner","AceType":"","IsInherited":false},{"PrincipalSID":"S-1-5-21-752720426-403263186-3476391959-512","PrincipalType":"Group","RightName":"GenericWrite","AceType":"","IsInherited":false},{"PrincipalSID":"S-1-5-21-752720426-403263186-3476391959-519","PrincipalType":"Group","RightName":"WriteDacl","AceType":"","IsInherited":false},{"PrincipalSID":"S-1-5-21-752720426-403263186-3476391959-519","PrincipalType":"Group","RightName":"WriteOwner","AceType":"","IsInherited":false},{"PrincipalSID":"S-1-5-21-752720426-403263186-3476391959-519","PrincipalType":"Group","RightName":"GenericWrite","AceType":"","IsInherited":false}]},{"Properties":{"highvalue":false,"name":"*- TIER 0 DEVICES BASE APPLOCKER ENFORCE@BADBLOOD.COM","domain":"BADBLOOD.COM","objectid":"A0A245E4-4944-40B7-8A96-A2709210218F","distinguishedname":"CN={4E41212D-A62C-45D4-8538-653E1BADA5CF},CN=Policies,CN=System,DC=badblood,DC=com","description":null,"gpcpath":"\\\\badblood.com\\sysvol\\badblood.com\\Policies\\{4E41212D-A62C-45D4-8538-653E1BADA5CF}"},"ObjectIdentifier":"A0A245E4-4944-40B7-8A96-A2709210218F","Aces":[{"PrincipalSID":"S-1-5-21-752720426-403263186-3476391959-512","PrincipalType":"Group","RightName":"Owner","AceType":"","IsInherited":false},{"PrincipalSID":"S-1-5-21-752720426-403263186-3476391959-512","PrincipalType":"Group","RightName":"WriteDacl","AceType":"","IsInherited":false},{"PrincipalSID":"S-1-5-21-752720426-403263186-3476391959-512","PrincipalType":"Group","RightName":"WriteOwner","AceType":"","IsInherited":false},{"PrincipalSID":"S-1-5-21-752720426-403263186-3476391959-512","PrincipalType":"Group","RightName":"GenericWrite","AceType":"","IsInherited":false},{"PrincipalSID":"S-1-5-21-752720426-403263186-3476391959-519","PrincipalType":"Group","RightName":"WriteDacl","AceType":"","IsInherited":false},{"PrincipalSID":"S-1-5-21-752720426-403263186-3476391959-519","PrincipalType":"Group","RightName":"WriteOwner","AceType":"","IsInherited":false},{"PrincipalSID":"S-1-5-21-752720426-403263186-3476391959-519","PrincipalType":"Group","RightName":"GenericWrite","AceType":"","IsInherited":false}]},{"Properties":{"highvalue":false,"name":"*- TIER 0 PAWS@BADBLOOD.COM","domain":"BADBLOOD.COM","objectid":"61D31DCE-03AD-45FB-9E97-90E8C44B669B","distinguishedname":"CN={491D6794-0A7C-422D-9B23-A8AF582FEC0E},CN=Policies,CN=System,DC=badblood,DC=com","description":null,"gpcpath":"\\\\badblood.com\\sysvol\\badblood.com\\Policies\\{491D6794-0A7C-422D-9B23-A8AF582FEC0E}"},"ObjectIdentifier":"61D31DCE-03AD-45FB-9E97-90E8C44B669B","Aces":[{"PrincipalSID":"S-1-5-21-752720426-403263186-3476391959-512","PrincipalType":"Group","RightName":"Owner","AceType":"","IsInherited":false},{"PrincipalSID":"S-1-5-21-752720426-403263186-3476391959-512","PrincipalType":"Group","RightName":"WriteDacl","AceType":"","IsInherited":false},{"PrincipalSID":"S-1-5-21-752720426-403263186-3476391959-512","PrincipalType":"Group","RightName":"WriteOwner","AceType":"","IsInherited":false},{"PrincipalSID":"S-1-5-21-752720426-403263186-3476391959-512","PrincipalType":"Group","RightName":"GenericWrite","AceType":"","IsInherited":false},{"PrincipalSID":"S-1-5-21-752720426-403263186-3476391959-519","PrincipalType":"Group","RightName":"WriteDacl","AceType":"","IsInherited":false},{"PrincipalSID":"S-1-5-21-752720426-403263186-3476391959-519","PrincipalType":"Group","RightName":"WriteOwner","AceType":"","IsInherited":false},{"PrincipalSID":"S-1-5-21-752720426-403263186-3476391959-519","PrincipalType":"Group","RightName":"GenericWrite","AceType":"","IsInherited":false}]},{"Properties":{"highvalue":false,"name":"*- TIER 0 SCM INTERNET EXPLORER 11 - USER@BADBLOOD.COM","domain":"BADBLOOD.COM","objectid":"7C72DC12-6963-41DE-8D06-06FFB7040806","distinguishedname":"CN={B50705C7-9709-4BAB-A47B-FB418703477E},CN=Policies,CN=System,DC=badblood,DC=com","description":null,"gpcpath":"\\\\badblood.com\\sysvol\\badblood.com\\Policies\\{B50705C7-9709-4BAB-A47B-FB418703477E}"},"ObjectIdentifier":"7C72DC12-6963-41DE-8D06-06FFB7040806","Aces":[{"PrincipalSID":"S-1-5-21-752720426-403263186-3476391959-512","PrincipalType":"Group","RightName":"Owner","AceType":"","IsInherited":false},{"PrincipalSID":"S-1-5-21-752720426-403263186-3476391959-512","PrincipalType":"Group","RightName":"WriteDacl","AceType":"","IsInherited":false},{"PrincipalSID":"S-1-5-21-752720426-403263186-3476391959-512","PrincipalType":"Group","RightName":"WriteOwner","AceType":"","IsInherited":false},{"PrincipalSID":"S-1-5-21-752720426-403263186-3476391959-512","PrincipalType":"Group","RightName":"GenericWrite","AceType":"","IsInherited":false},{"PrincipalSID":"S-1-5-21-752720426-403263186-3476391959-519","PrincipalType":"Group","RightName":"WriteDacl","AceType":"","IsInherited":false},{"PrincipalSID":"S-1-5-21-752720426-403263186-3476391959-519","PrincipalType":"Group","RightName":"WriteOwner","AceType":"","IsInherited":false},{"PrincipalSID":"S-1-5-21-752720426-403263186-3476391959-519","PrincipalType":"Group","RightName":"GenericWrite","AceType":"","IsInherited":false}]},{"Properties":{"highvalue":false,"name":"*- TIER 0 SCM WINDOWS 10 RS1 - USER@BADBLOOD.COM","domain":"BADBLOOD.COM","objectid":"7C59ACDF-1636-49E6-AD1F-55AF066B8C78","distinguishedname":"CN={DF7BC563-7B39-46F1-8ABC-8E130B581196},CN=Policies,CN=System,DC=badblood,DC=com","description":null,"gpcpath":"\\\\badblood.com\\sysvol\\badblood.com\\Policies\\{DF7BC563-7B39-46F1-8ABC-8E130B581196}"},"ObjectIdentifier":"7C59ACDF-1636-49E6-AD1F-55AF066B8C78","Aces":[{"PrincipalSID":"S-1-5-21-752720426-403263186-3476391959-512","PrincipalType":"Group","RightName":"Owner","AceType":"","IsInherited":false},{"PrincipalSID":"S-1-5-21-752720426-403263186-3476391959-512","PrincipalType":"Group","RightName":"WriteDacl","AceType":"","IsInherited":false},{"PrincipalSID":"S-1-5-21-752720426-403263186-3476391959-512","PrincipalType":"Group","RightName":"WriteOwner","AceType":"","IsInherited":false},{"PrincipalSID":"S-1-5-21-752720426-403263186-3476391959-512","PrincipalType":"Group","RightName":"GenericWrite","AceType":"","IsInherited":false},{"PrincipalSID":"S-1-5-21-752720426-403263186-3476391959-519","PrincipalType":"Group","RightName":"WriteDacl","AceType":"","IsInherited":false},{"PrincipalSID":"S-1-5-21-752720426-403263186-3476391959-519","PrincipalType":"Group","RightName":"WriteOwner","AceType":"","IsInherited":false},{"PrincipalSID":"S-1-5-21-752720426-403263186-3476391959-519","PrincipalType":"Group","RightName":"GenericWrite","AceType":"","IsInherited":false}]},{"Properties":{"highvalue":false,"name":"*- PAW ADMIN@BADBLOOD.COM","domain":"BADBLOOD.COM","objectid":"E8A73329-BEE0-4FA1-B069-A5A85C81A52D","distinguishedname":"CN={D03110E5-8A3B-4E13-8C2C-678A25020786},CN=Policies,CN=System,DC=badblood,DC=com","description":null,"gpcpath":"\\\\badblood.com\\sysvol\\badblood.com\\Policies\\{D03110E5-8A3B-4E13-8C2C-678A25020786}"},"ObjectIdentifier":"E8A73329-BEE0-4FA1-B069-A5A85C81A52D","Aces":[{"PrincipalSID":"S-1-5-21-752720426-403263186-3476391959-512","PrincipalType":"Group","RightName":"Owner","AceType":"","IsInherited":false},{"PrincipalSID":"S-1-5-21-752720426-403263186-3476391959-512","PrincipalType":"Group","RightName":"WriteDacl","AceType":"","IsInherited":false},{"PrincipalSID":"S-1-5-21-752720426-403263186-3476391959-512","PrincipalType":"Group","RightName":"WriteOwner","AceType":"","IsInherited":false},{"PrincipalSID":"S-1-5-21-752720426-403263186-3476391959-512","PrincipalType":"Group","RightName":"GenericWrite","AceType":"","IsInherited":false},{"PrincipalSID":"S-1-5-21-752720426-403263186-3476391959-519","PrincipalType":"Group","RightName":"WriteDacl","AceType":"","IsInherited":false},{"PrincipalSID":"S-1-5-21-752720426-403263186-3476391959-519","PrincipalType":"Group","RightName":"WriteOwner","AceType":"","IsInherited":false},{"PrincipalSID":"S-1-5-21-752720426-403263186-3476391959-519","PrincipalType":"Group","RightName":"GenericWrite","AceType":"","IsInherited":false}]},{"Properties":{"highvalue":false,"name":"*- WMI FILTER PLACEHOLDER GPO - NOT IN USE@BADBLOOD.COM","domain":"BADBLOOD.COM","objectid":"980BF443-6059-491F-94C0-BEACC67218ED","distinguishedname":"CN={E58E14CE-FEE1-4CB0-916D-47C61578D3E1},CN=Policies,CN=System,DC=badblood,DC=com","description":null,"gpcpath":"\\\\badblood.com\\sysvol\\badblood.com\\Policies\\{E58E14CE-FEE1-4CB0-916D-47C61578D3E1}"},"ObjectIdentifier":"980BF443-6059-491F-94C0-BEACC67218ED","Aces":[{"PrincipalSID":"S-1-5-21-752720426-403263186-3476391959-512","PrincipalType":"Group","RightName":"Owner","AceType":"","IsInherited":false},{"PrincipalSID":"S-1-5-21-752720426-403263186-3476391959-512","PrincipalType":"Group","RightName":"WriteDacl","AceType":"","IsInherited":false},{"PrincipalSID":"S-1-5-21-752720426-403263186-3476391959-512","PrincipalType":"Group","RightName":"WriteOwner","AceType":"","IsInherited":false},{"PrincipalSID":"S-1-5-21-752720426-403263186-3476391959-512","PrincipalType":"Group","RightName":"GenericWrite","AceType":"","IsInherited":false},{"PrincipalSID":"S-1-5-21-752720426-403263186-3476391959-519","PrincipalType":"Group","RightName":"WriteDacl","AceType":"","IsInherited":false},{"PrincipalSID":"S-1-5-21-752720426-403263186-3476391959-519","PrincipalType":"Group","RightName":"WriteOwner","AceType":"","IsInherited":false},{"PrincipalSID":"S-1-5-21-752720426-403263186-3476391959-519","PrincipalType":"Group","RightName":"GenericWrite","AceType":"","IsInherited":false}]},{"Properties":{"highvalue":false,"name":"*- COMPUTER QUARANTINE@BADBLOOD.COM","domain":"BADBLOOD.COM","objectid":"CA9C5960-3AD5-4D85-BE53-914DB7FE2B53","distinguishedname":"CN={B9084BFA-9177-4A43-85EC-5686B912D9AF},CN=Policies,CN=System,DC=badblood,DC=com","description":null,"gpcpath":"\\\\badblood.com\\sysvol\\badblood.com\\Policies\\{B9084BFA-9177-4A43-85EC-5686B912D9AF}"},"ObjectIdentifier":"CA9C5960-3AD5-4D85-BE53-914DB7FE2B53","Aces":[{"PrincipalSID":"S-1-5-21-752720426-403263186-3476391959-512","PrincipalType":"Group","RightName":"Owner","AceType":"","IsInherited":false},{"PrincipalSID":"S-1-5-21-752720426-403263186-3476391959-512","PrincipalType":"Group","RightName":"WriteDacl","AceType":"","IsInherited":false},{"PrincipalSID":"S-1-5-21-752720426-403263186-3476391959-512","PrincipalType":"Group","RightName":"WriteOwner","AceType":"","IsInherited":false},{"PrincipalSID":"S-1-5-21-752720426-403263186-3476391959-512","PrincipalType":"Group","RightName":"GenericWrite","AceType":"","IsInherited":false},{"PrincipalSID":"S-1-5-21-752720426-403263186-3476391959-519","PrincipalType":"Group","RightName":"WriteDacl","AceType":"","IsInherited":false},{"PrincipalSID":"S-1-5-21-752720426-403263186-3476391959-519","PrincipalType":"Group","RightName":"WriteOwner","AceType":"","IsInherited":false},{"PrincipalSID":"S-1-5-21-752720426-403263186-3476391959-519","PrincipalType":"Group","RightName":"GenericWrite","AceType":"","IsInherited":false}]},{"Properties":{"highvalue":false,"name":"*- SCM INTERNET EXPLORER 11 - USER@BADBLOOD.COM","domain":"BADBLOOD.COM","objectid":"8BC0F7E0-FCDA-4EB8-BB30-6D59473F3C73","distinguishedname":"CN={C7AE2578-EB03-40FD-AEBE-0542225F3E0C},CN=Policies,CN=System,DC=badblood,DC=com","description":null,"gpcpath":"\\\\badblood.com\\sysvol\\badblood.com\\Policies\\{C7AE2578-EB03-40FD-AEBE-0542225F3E0C}"},"ObjectIdentifier":"8BC0F7E0-FCDA-4EB8-BB30-6D59473F3C73","Aces":[{"PrincipalSID":"S-1-5-21-752720426-403263186-3476391959-512","PrincipalType":"Group","RightName":"Owner","AceType":"","IsInherited":false},{"PrincipalSID":"S-1-5-21-752720426-403263186-3476391959-512","PrincipalType":"Group","RightName":"WriteDacl","AceType":"","IsInherited":false},{"PrincipalSID":"S-1-5-21-752720426-403263186-3476391959-512","PrincipalType":"Group","RightName":"WriteOwner","AceType":"","IsInherited":false},{"PrincipalSID":"S-1-5-21-752720426-403263186-3476391959-512","PrincipalType":"Group","RightName":"GenericWrite","AceType":"","IsInherited":false},{"PrincipalSID":"S-1-5-21-752720426-403263186-3476391959-519","PrincipalType":"Group","RightName":"WriteDacl","AceType":"","IsInherited":false},{"PrincipalSID":"S-1-5-21-752720426-403263186-3476391959-519","PrincipalType":"Group","RightName":"WriteOwner","AceType":"","IsInherited":false},{"PrincipalSID":"S-1-5-21-752720426-403263186-3476391959-519","PrincipalType":"Group","RightName":"GenericWrite","AceType":"","IsInherited":false}]},{"Properties":{"highvalue":false,"name":"*- SCM WINDOWS 10 RS1 - USER@BADBLOOD.COM","domain":"BADBLOOD.COM","objectid":"F6C67168-1F0D-478D-9B88-3E1373BBE5F5","distinguishedname":"CN={00544B78-46E8-41A9-91D3-8C11BBF4F561},CN=Policies,CN=System,DC=badblood,DC=com","description":null,"gpcpath":"\\\\badblood.com\\sysvol\\badblood.com\\Policies\\{00544B78-46E8-41A9-91D3-8C11BBF4F561}"},"ObjectIdentifier":"F6C67168-1F0D-478D-9B88-3E1373BBE5F5","Aces":[{"PrincipalSID":"S-1-5-21-752720426-403263186-3476391959-512","PrincipalType":"Group","RightName":"Owner","AceType":"","IsInherited":false},{"PrincipalSID":"S-1-5-21-752720426-403263186-3476391959-512","PrincipalType":"Group","RightName":"WriteDacl","AceType":"","IsInherited":false},{"PrincipalSID":"S-1-5-21-752720426-403263186-3476391959-512","PrincipalType":"Group","RightName":"WriteOwner","AceType":"","IsInherited":false},{"PrincipalSID":"S-1-5-21-752720426-403263186-3476391959-512","PrincipalType":"Group","RightName":"GenericWrite","AceType":"","IsInherited":false},{"PrincipalSID":"S-1-5-21-752720426-403263186-3476391959-519","PrincipalType":"Group","RightName":"WriteDacl","AceType":"","IsInherited":false},{"PrincipalSID":"S-1-5-21-752720426-403263186-3476391959-519","PrincipalType":"Group","RightName":"WriteOwner","AceType":"","IsInherited":false},{"PrincipalSID":"S-1-5-21-752720426-403263186-3476391959-519","PrincipalType":"Group","RightName":"GenericWrite","AceType":"","IsInherited":false}]},{"Properties":{"highvalue":false,"name":"*- SCM WINDOWS 10 AND SERVER 2016 - CREDENTIAL GUARD@BADBLOOD.COM","domain":"BADBLOOD.COM","objectid":"3CDF3D00-6090-4F8B-9255-07CA27375300","distinguishedname":"CN={1CB2F347-888C-4D88-8A02-C256DD773B0B},CN=Policies,CN=System,DC=badblood,DC=com","description":null,"gpcpath":"\\\\badblood.com\\sysvol\\badblood.com\\Policies\\{1CB2F347-888C-4D88-8A02-C256DD773B0B}"},"ObjectIdentifier":"3CDF3D00-6090-4F8B-9255-07CA27375300","Aces":[{"PrincipalSID":"S-1-5-21-752720426-403263186-3476391959-512","PrincipalType":"Group","RightName":"Owner","AceType":"","IsInherited":false},{"PrincipalSID":"S-1-5-21-752720426-403263186-3476391959-512","PrincipalType":"Group","RightName":"WriteDacl","AceType":"","IsInherited":false},{"PrincipalSID":"S-1-5-21-752720426-403263186-3476391959-512","PrincipalType":"Group","RightName":"WriteOwner","AceType":"","IsInherited":false},{"PrincipalSID":"S-1-5-21-752720426-403263186-3476391959-512","PrincipalType":"Group","RightName":"GenericWrite","AceType":"","IsInherited":false},{"PrincipalSID":"S-1-5-21-752720426-403263186-3476391959-519","PrincipalType":"Group","RightName":"WriteDacl","AceType":"","IsInherited":false},{"PrincipalSID":"S-1-5-21-752720426-403263186-3476391959-519","PrincipalType":"Group","RightName":"WriteOwner","AceType":"","IsInherited":false},{"PrincipalSID":"S-1-5-21-752720426-403263186-3476391959-519","PrincipalType":"Group","RightName":"GenericWrite","AceType":"","IsInherited":false}]},{"Properties":{"highvalue":false,"name":"*- SCM WINDOWS 10 RS1 - BITLOCKER@BADBLOOD.COM","domain":"BADBLOOD.COM","objectid":"58EBF02A-4F14-4A36-8603-CAC7D6E72573","distinguishedname":"CN={F3510E81-1C74-4EA9-BA73-1A231D93D82C},CN=Policies,CN=System,DC=badblood,DC=com","description":null,"gpcpath":"\\\\badblood.com\\sysvol\\badblood.com\\Policies\\{F3510E81-1C74-4EA9-BA73-1A231D93D82C}"},"ObjectIdentifier":"58EBF02A-4F14-4A36-8603-CAC7D6E72573","Aces":[{"PrincipalSID":"S-1-5-21-752720426-403263186-3476391959-512","PrincipalType":"Group","RightName":"Owner","AceType":"","IsInherited":false},{"PrincipalSID":"S-1-5-21-752720426-403263186-3476391959-512","PrincipalType":"Group","RightName":"WriteDacl","AceType":"","IsInherited":false},{"PrincipalSID":"S-1-5-21-752720426-403263186-3476391959-512","PrincipalType":"Group","RightName":"WriteOwner","AceType":"","IsInherited":false},{"PrincipalSID":"S-1-5-21-752720426-403263186-3476391959-512","PrincipalType":"Group","RightName":"GenericWrite","AceType":"","IsInherited":false},{"PrincipalSID":"S-1-5-21-752720426-403263186-3476391959-519","PrincipalType":"Group","RightName":"WriteDacl","AceType":"","IsInherited":false},{"PrincipalSID":"S-1-5-21-752720426-403263186-3476391959-519","PrincipalType":"Group","RightName":"WriteOwner","AceType":"","IsInherited":false},{"PrincipalSID":"S-1-5-21-752720426-403263186-3476391959-519","PrincipalType":"Group","RightName":"GenericWrite","AceType":"","IsInherited":false}]},{"Properties":{"highvalue":false,"name":"*- SCM WINDOWS 10 RS1 - COMPUTER@BADBLOOD.COM","domain":"BADBLOOD.COM","objectid":"DDD924FD-A53C-4E7E-BB0C-DFCCD6702138","distinguishedname":"CN={4F4B5916-4B83-46B6-A4E9-A0E9A47CDBA5},CN=Policies,CN=System,DC=badblood,DC=com","description":null,"gpcpath":"\\\\badblood.com\\sysvol\\badblood.com\\Policies\\{4F4B5916-4B83-46B6-A4E9-A0E9A47CDBA5}"},"ObjectIdentifier":"DDD924FD-A53C-4E7E-BB0C-DFCCD6702138","Aces":[{"PrincipalSID":"S-1-5-21-752720426-403263186-3476391959-512","PrincipalType":"Group","RightName":"Owner","AceType":"","IsInherited":false},{"PrincipalSID":"S-1-5-21-752720426-403263186-3476391959-512","PrincipalType":"Group","RightName":"WriteDacl","AceType":"","IsInherited":false},{"PrincipalSID":"S-1-5-21-752720426-403263186-3476391959-512","PrincipalType":"Group","RightName":"WriteOwner","AceType":"","IsInherited":false},{"PrincipalSID":"S-1-5-21-752720426-403263186-3476391959-512","PrincipalType":"Group","RightName":"GenericWrite","AceType":"","IsInherited":false},{"PrincipalSID":"S-1-5-21-752720426-403263186-3476391959-519","PrincipalType":"Group","RightName":"WriteDacl","AceType":"","IsInherited":false},{"PrincipalSID":"S-1-5-21-752720426-403263186-3476391959-519","PrincipalType":"Group","RightName":"WriteOwner","AceType":"","IsInherited":false},{"PrincipalSID":"S-1-5-21-752720426-403263186-3476391959-519","PrincipalType":"Group","RightName":"GenericWrite","AceType":"","IsInherited":false}]},{"Properties":{"highvalue":false,"name":"*- MSFT WINDOWS SERVER 2012 R2 MEMBER SERVER BASELINE@BADBLOOD.COM","domain":"BADBLOOD.COM","objectid":"E209AC3B-F32B-4A96-AD25-CFF89559BAEA","distinguishedname":"CN={A8AE95B0-E919-4ED2-A5E9-CF0E4DC1B587},CN=Policies,CN=System,DC=badblood,DC=com","description":null,"gpcpath":"\\\\badblood.com\\sysvol\\badblood.com\\Policies\\{A8AE95B0-E919-4ED2-A5E9-CF0E4DC1B587}"},"ObjectIdentifier":"E209AC3B-F32B-4A96-AD25-CFF89559BAEA","Aces":[{"PrincipalSID":"S-1-5-21-752720426-403263186-3476391959-512","PrincipalType":"Group","RightName":"Owner","AceType":"","IsInherited":false},{"PrincipalSID":"S-1-5-21-752720426-403263186-3476391959-512","PrincipalType":"Group","RightName":"WriteDacl","AceType":"","IsInherited":false},{"PrincipalSID":"S-1-5-21-752720426-403263186-3476391959-512","PrincipalType":"Group","RightName":"WriteOwner","AceType":"","IsInherited":false},{"PrincipalSID":"S-1-5-21-752720426-403263186-3476391959-512","PrincipalType":"Group","RightName":"GenericWrite","AceType":"","IsInherited":false},{"PrincipalSID":"S-1-5-21-752720426-403263186-3476391959-519","PrincipalType":"Group","RightName":"WriteDacl","AceType":"","IsInherited":false},{"PrincipalSID":"S-1-5-21-752720426-403263186-3476391959-519","PrincipalType":"Group","RightName":"WriteOwner","AceType":"","IsInherited":false},{"PrincipalSID":"S-1-5-21-752720426-403263186-3476391959-519","PrincipalType":"Group","RightName":"GenericWrite","AceType":"","IsInherited":false}]},{"Properties":{"highvalue":false,"name":"*- SCM WINDOWS SERVER 2016 - MEMBER SERVER BASELINE - COMPUTER@BADBLOOD.COM","domain":"BADBLOOD.COM","objectid":"9C9CA48F-5B80-4F97-81E4-B26D33D77C9C","distinguishedname":"CN={E06113E7-4010-497F-85F8-58D53C7FADD7},CN=Policies,CN=System,DC=badblood,DC=com","description":null,"gpcpath":"\\\\badblood.com\\sysvol\\badblood.com\\Policies\\{E06113E7-4010-497F-85F8-58D53C7FADD7}"},"ObjectIdentifier":"9C9CA48F-5B80-4F97-81E4-B26D33D77C9C","Aces":[{"PrincipalSID":"S-1-5-21-752720426-403263186-3476391959-512","PrincipalType":"Group","RightName":"Owner","AceType":"","IsInherited":false},{"PrincipalSID":"S-1-5-21-752720426-403263186-3476391959-512","PrincipalType":"Group","RightName":"WriteDacl","AceType":"","IsInherited":false},{"PrincipalSID":"S-1-5-21-752720426-403263186-3476391959-512","PrincipalType":"Group","RightName":"WriteOwner","AceType":"","IsInherited":false},{"PrincipalSID":"S-1-5-21-752720426-403263186-3476391959-512","PrincipalType":"Group","RightName":"GenericWrite","AceType":"","IsInherited":false},{"PrincipalSID":"S-1-5-21-752720426-403263186-3476391959-519","PrincipalType":"Group","RightName":"WriteDacl","AceType":"","IsInherited":false},{"PrincipalSID":"S-1-5-21-752720426-403263186-3476391959-519","PrincipalType":"Group","RightName":"WriteOwner","AceType":"","IsInherited":false},{"PrincipalSID":"S-1-5-21-752720426-403263186-3476391959-519","PrincipalType":"Group","RightName":"GenericWrite","AceType":"","IsInherited":false}]},{"Properties":{"highvalue":false,"name":"*- LAPS@BADBLOOD.COM","domain":"BADBLOOD.COM","objectid":"7FC9724B-3889-49AA-A55D-56794142040A","distinguishedname":"CN={D83C0336-0CFC-4273-A1A8-89A6F0B01E7D},CN=Policies,CN=System,DC=badblood,DC=com","description":null,"gpcpath":"\\\\badblood.com\\sysvol\\badblood.com\\Policies\\{D83C0336-0CFC-4273-A1A8-89A6F0B01E7D}"},"ObjectIdentifier":"7FC9724B-3889-49AA-A55D-56794142040A","Aces":[{"PrincipalSID":"S-1-5-21-752720426-403263186-3476391959-512","PrincipalType":"Group","RightName":"Owner","AceType":"","IsInherited":false},{"PrincipalSID":"S-1-5-21-752720426-403263186-3476391959-512","PrincipalType":"Group","RightName":"WriteDacl","AceType":"","IsInherited":false},{"PrincipalSID":"S-1-5-21-752720426-403263186-3476391959-512","PrincipalType":"Group","RightName":"WriteOwner","AceType":"","IsInherited":false},{"PrincipalSID":"S-1-5-21-752720426-403263186-3476391959-512","PrincipalType":"Group","RightName":"GenericWrite","AceType":"","IsInherited":false},{"PrincipalSID":"S-1-5-21-752720426-403263186-3476391959-519","PrincipalType":"Group","RightName":"WriteDacl","AceType":"","IsInherited":false},{"PrincipalSID":"S-1-5-21-752720426-403263186-3476391959-519","PrincipalType":"Group","RightName":"WriteOwner","AceType":"","IsInherited":false},{"PrincipalSID":"S-1-5-21-752720426-403263186-3476391959-519","PrincipalType":"Group","RightName":"GenericWrite","AceType":"","IsInherited":false}]},{"Properties":{"highvalue":false,"name":"*- TIER 1 SERVERS@BADBLOOD.COM","domain":"BADBLOOD.COM","objectid":"0B54B67C-480D-4918-8798-09D0C5886C41","distinguishedname":"CN={0BBBA7B7-50D2-4E29-B403-2D076B549593},CN=Policies,CN=System,DC=badblood,DC=com","description":null,"gpcpath":"\\\\badblood.com\\sysvol\\badblood.com\\Policies\\{0BBBA7B7-50D2-4E29-B403-2D076B549593}"},"ObjectIdentifier":"0B54B67C-480D-4918-8798-09D0C5886C41","Aces":[{"PrincipalSID":"S-1-5-21-752720426-403263186-3476391959-512","PrincipalType":"Group","RightName":"Owner","AceType":"","IsInherited":false},{"PrincipalSID":"S-1-5-21-752720426-403263186-3476391959-512","PrincipalType":"Group","RightName":"WriteDacl","AceType":"","IsInherited":false},{"PrincipalSID":"S-1-5-21-752720426-403263186-3476391959-512","PrincipalType":"Group","RightName":"WriteOwner","AceType":"","IsInherited":false},{"PrincipalSID":"S-1-5-21-752720426-403263186-3476391959-512","PrincipalType":"Group","RightName":"GenericWrite","AceType":"","IsInherited":false},{"PrincipalSID":"S-1-5-21-752720426-403263186-3476391959-519","PrincipalType":"Group","RightName":"WriteDacl","AceType":"","IsInherited":false},{"PrincipalSID":"S-1-5-21-752720426-403263186-3476391959-519","PrincipalType":"Group","RightName":"WriteOwner","AceType":"","IsInherited":false},{"PrincipalSID":"S-1-5-21-752720426-403263186-3476391959-519","PrincipalType":"Group","RightName":"GenericWrite","AceType":"","IsInherited":false}]},{"Properties":{"highvalue":false,"name":"*- EMET BASELINE@BADBLOOD.COM","domain":"BADBLOOD.COM","objectid":"FFCEF8C3-DACC-41B7-B750-A8BA7D692711","distinguishedname":"CN={C8AF2AC0-EBAF-45E8-8C76-A5D8ADA0CB83},CN=Policies,CN=System,DC=badblood,DC=com","description":null,"gpcpath":"\\\\badblood.com\\sysvol\\badblood.com\\Policies\\{C8AF2AC0-EBAF-45E8-8C76-A5D8ADA0CB83}"},"ObjectIdentifier":"FFCEF8C3-DACC-41B7-B750-A8BA7D692711","Aces":[{"PrincipalSID":"S-1-5-21-752720426-403263186-3476391959-512","PrincipalType":"Group","RightName":"Owner","AceType":"","IsInherited":false},{"PrincipalSID":"S-1-5-21-752720426-403263186-3476391959-512","PrincipalType":"Group","RightName":"WriteDacl","AceType":"","IsInherited":false},{"PrincipalSID":"S-1-5-21-752720426-403263186-3476391959-512","PrincipalType":"Group","RightName":"WriteOwner","AceType":"","IsInherited":false},{"PrincipalSID":"S-1-5-21-752720426-403263186-3476391959-512","PrincipalType":"Group","RightName":"GenericWrite","AceType":"","IsInherited":false},{"PrincipalSID":"S-1-5-21-752720426-403263186-3476391959-519","PrincipalType":"Group","RightName":"WriteDacl","AceType":"","IsInherited":false},{"PrincipalSID":"S-1-5-21-752720426-403263186-3476391959-519","PrincipalType":"Group","RightName":"WriteOwner","AceType":"","IsInherited":false},{"PrincipalSID":"S-1-5-21-752720426-403263186-3476391959-519","PrincipalType":"Group","RightName":"GenericWrite","AceType":"","IsInherited":false}]},{"Properties":{"highvalue":false,"name":"*- SCM WINDOWS 10 AND SERVER 2016 - DEFENDER@BADBLOOD.COM","domain":"BADBLOOD.COM","objectid":"EE8CA97C-AF31-4BB3-85A7-309FE786BAF3","distinguishedname":"CN={F68370CA-6D39-4CA0-8E1E-F686D3C1499C},CN=Policies,CN=System,DC=badblood,DC=com","description":null,"gpcpath":"\\\\badblood.com\\sysvol\\badblood.com\\Policies\\{F68370CA-6D39-4CA0-8E1E-F686D3C1499C}"},"ObjectIdentifier":"EE8CA97C-AF31-4BB3-85A7-309FE786BAF3","Aces":[{"PrincipalSID":"S-1-5-21-752720426-403263186-3476391959-512","PrincipalType":"Group","RightName":"Owner","AceType":"","IsInherited":false},{"PrincipalSID":"S-1-5-21-752720426-403263186-3476391959-512","PrincipalType":"Group","RightName":"WriteDacl","AceType":"","IsInherited":false},{"PrincipalSID":"S-1-5-21-752720426-403263186-3476391959-512","PrincipalType":"Group","RightName":"WriteOwner","AceType":"","IsInherited":false},{"PrincipalSID":"S-1-5-21-752720426-403263186-3476391959-512","PrincipalType":"Group","RightName":"GenericWrite","AceType":"","IsInherited":false},{"PrincipalSID":"S-1-5-21-752720426-403263186-3476391959-519","PrincipalType":"Group","RightName":"WriteDacl","AceType":"","IsInherited":false},{"PrincipalSID":"S-1-5-21-752720426-403263186-3476391959-519","PrincipalType":"Group","RightName":"WriteOwner","AceType":"","IsInherited":false},{"PrincipalSID":"S-1-5-21-752720426-403263186-3476391959-519","PrincipalType":"Group","RightName":"GenericWrite","AceType":"","IsInherited":false}]},{"Properties":{"highvalue":false,"name":"*- SCM INTERNET EXPLORER 11 - COMPUTER@BADBLOOD.COM","domain":"BADBLOOD.COM","objectid":"1AE55BBD-DFAA-485F-91BF-64DBEE2EE658","distinguishedname":"CN={1EB46E9D-3894-423F-B5F8-6B5DFA1BE4E7},CN=Policies,CN=System,DC=badblood,DC=com","description":null,"gpcpath":"\\\\badblood.com\\sysvol\\badblood.com\\Policies\\{1EB46E9D-3894-423F-B5F8-6B5DFA1BE4E7}"},"ObjectIdentifier":"1AE55BBD-DFAA-485F-91BF-64DBEE2EE658","Aces":[{"PrincipalSID":"S-1-5-21-752720426-403263186-3476391959-512","PrincipalType":"Group","RightName":"Owner","AceType":"","IsInherited":false},{"PrincipalSID":"S-1-5-21-752720426-403263186-3476391959-512","PrincipalType":"Group","RightName":"WriteDacl","AceType":"","IsInherited":false},{"PrincipalSID":"S-1-5-21-752720426-403263186-3476391959-512","PrincipalType":"Group","RightName":"WriteOwner","AceType":"","IsInherited":false},{"PrincipalSID":"S-1-5-21-752720426-403263186-3476391959-512","PrincipalType":"Group","RightName":"GenericWrite","AceType":"","IsInherited":false},{"PrincipalSID":"S-1-5-21-752720426-403263186-3476391959-519","PrincipalType":"Group","RightName":"WriteDacl","AceType":"","IsInherited":false},{"PrincipalSID":"S-1-5-21-752720426-403263186-3476391959-519","PrincipalType":"Group","RightName":"WriteOwner","AceType":"","IsInherited":false},{"PrincipalSID":"S-1-5-21-752720426-403263186-3476391959-519","PrincipalType":"Group","RightName":"GenericWrite","AceType":"","IsInherited":false}]},{"Properties":{"highvalue":false,"name":"*- MSFT WINDOWS SERVER 2012 R2 DOMAIN CONTROLLER BASELINE@BADBLOOD.COM","domain":"BADBLOOD.COM","objectid":"2A56C332-14FA-4773-A0BE-B424AF3597A7","distinguishedname":"CN={48E9B9FA-9AEE-44BA-8AB7-B5E9504666A5},CN=Policies,CN=System,DC=badblood,DC=com","description":null,"gpcpath":"\\\\badblood.com\\sysvol\\badblood.com\\Policies\\{48E9B9FA-9AEE-44BA-8AB7-B5E9504666A5}"},"ObjectIdentifier":"2A56C332-14FA-4773-A0BE-B424AF3597A7","Aces":[{"PrincipalSID":"S-1-5-21-752720426-403263186-3476391959-512","PrincipalType":"Group","RightName":"Owner","AceType":"","IsInherited":false},{"PrincipalSID":"S-1-5-21-752720426-403263186-3476391959-512","PrincipalType":"Group","RightName":"WriteDacl","AceType":"","IsInherited":false},{"PrincipalSID":"S-1-5-21-752720426-403263186-3476391959-512","PrincipalType":"Group","RightName":"WriteOwner","AceType":"","IsInherited":false},{"PrincipalSID":"S-1-5-21-752720426-403263186-3476391959-512","PrincipalType":"Group","RightName":"GenericWrite","AceType":"","IsInherited":false},{"PrincipalSID":"S-1-5-21-752720426-403263186-3476391959-519","PrincipalType":"Group","RightName":"WriteDacl","AceType":"","IsInherited":false},{"PrincipalSID":"S-1-5-21-752720426-403263186-3476391959-519","PrincipalType":"Group","RightName":"WriteOwner","AceType":"","IsInherited":false},{"PrincipalSID":"S-1-5-21-752720426-403263186-3476391959-519","PrincipalType":"Group","RightName":"GenericWrite","AceType":"","IsInherited":false}]},{"Properties":{"highvalue":false,"name":"*- SCM WINDOWS SERVER 2016 - DOMAIN CONTROLLER BASELINE@BADBLOOD.COM","domain":"BADBLOOD.COM","objectid":"42CC0FE4-79FD-4FFD-BDEB-4938CCBC059B","distinguishedname":"CN={7D2D4D09-AD06-45D2-A03A-51B1874D847E},CN=Policies,CN=System,DC=badblood,DC=com","description":null,"gpcpath":"\\\\badblood.com\\sysvol\\badblood.com\\Policies\\{7D2D4D09-AD06-45D2-A03A-51B1874D847E}"},"ObjectIdentifier":"42CC0FE4-79FD-4FFD-BDEB-4938CCBC059B","Aces":[{"PrincipalSID":"S-1-5-21-752720426-403263186-3476391959-512","PrincipalType":"Group","RightName":"Owner","AceType":"","IsInherited":false},{"PrincipalSID":"S-1-5-21-752720426-403263186-3476391959-512","PrincipalType":"Group","RightName":"WriteDacl","AceType":"","IsInherited":false},{"PrincipalSID":"S-1-5-21-752720426-403263186-3476391959-512","PrincipalType":"Group","RightName":"WriteOwner","AceType":"","IsInherited":false},{"PrincipalSID":"S-1-5-21-752720426-403263186-3476391959-512","PrincipalType":"Group","RightName":"GenericWrite","AceType":"","IsInherited":false},{"PrincipalSID":"S-1-5-21-752720426-403263186-3476391959-519","PrincipalType":"Group","RightName":"WriteDacl","AceType":"","IsInherited":false},{"PrincipalSID":"S-1-5-21-752720426-403263186-3476391959-519","PrincipalType":"Group","RightName":"WriteOwner","AceType":"","IsInherited":false},{"PrincipalSID":"S-1-5-21-752720426-403263186-3476391959-519","PrincipalType":"Group","RightName":"GenericWrite","AceType":"","IsInherited":false}]},{"Properties":{"highvalue":false,"name":"*- TIER 2 WORKSTATIONS@BADBLOOD.COM","domain":"BADBLOOD.COM","objectid":"E3EDD5F0-B258-4EA0-8344-9296EB89740C","distinguishedname":"CN={EB9C6B1E-70F3-4501-8771-B35CAB7801F0},CN=Policies,CN=System,DC=badblood,DC=com","description":null,"gpcpath":"\\\\badblood.com\\sysvol\\badblood.com\\Policies\\{EB9C6B1E-70F3-4501-8771-B35CAB7801F0}"},"ObjectIdentifier":"E3EDD5F0-B258-4EA0-8344-9296EB89740C","Aces":[{"PrincipalSID":"S-1-5-21-752720426-403263186-3476391959-512","PrincipalType":"Group","RightName":"Owner","AceType":"","IsInherited":false},{"PrincipalSID":"S-1-5-21-752720426-403263186-3476391959-512","PrincipalType":"Group","RightName":"WriteDacl","AceType":"","IsInherited":false},{"PrincipalSID":"S-1-5-21-752720426-403263186-3476391959-512","PrincipalType":"Group","RightName":"WriteOwner","AceType":"","IsInherited":false},{"PrincipalSID":"S-1-5-21-752720426-403263186-3476391959-512","PrincipalType":"Group","RightName":"GenericWrite","AceType":"","IsInherited":false},{"PrincipalSID":"S-1-5-21-752720426-403263186-3476391959-519","PrincipalType":"Group","RightName":"WriteDacl","AceType":"","IsInherited":false},{"PrincipalSID":"S-1-5-21-752720426-403263186-3476391959-519","PrincipalType":"Group","RightName":"WriteOwner","AceType":"","IsInherited":false},{"PrincipalSID":"S-1-5-21-752720426-403263186-3476391959-519","PrincipalType":"Group","RightName":"GenericWrite","AceType":"","IsInherited":false}]}],"meta":{"count":45,"type":"gpos","version":3}}