﻿{"domains":[{"Properties":{"highvalue":true,"name":"BADBLOOD.COM","domain":"BADBLOOD.COM","objectid":"S-1-5-21-752720426-403263186-3476391959","distinguishedname":"DC=badblood,DC=com","description":null,"functionallevel":"2012 R2"},"Users":["S-1-5-21-752720426-403263186-3476391959-502","S-1-5-21-752720426-403263186-3476391959-500","S-1-5-21-752720426-403263186-3476391959-501"],"Computers":[],"ChildOus":["DA244095-D612-45D1-B845-A0208EE33AA0","575A36FF-3CC3-4626-9D31-E8D7F8032D6A","48B06DCC-6421-4BE0-AEF0-14B979ECC23F","5F0D8B46-A144-4090-9E54-107622B0722E","25371E7E-C324-421D-8AC8-6FD51BE48371","EDDC120A-1421-4621-910D-D5A01A2C4E73","57DB2540-EDC5-4BA8-9C16-18CF3EE8D28A","526AA445-19C4-4859-A89D-F81D14680A57","30957042-3662-4118-9418-1E3C7F83FFB5","4C804174-9DE6-43CD-8ADE-94CF1823C685","9758CF06-5FDB-45C4-8650-0272EE0A9F26"],"Trusts":[],"Links":[{"IsEnforced":false,"Guid":"92FB263D-EF70-4F97-974F-D17377152D85"}],"RemoteDesktopUsers":[],"LocalAdmins":[],"DcomUsers":[],"PSRemoteUsers":[],"ObjectIdentifier":"S-1-5-21-752720426-403263186-3476391959","Aces":[{"PrincipalSID":"BADBLOOD.COM-S-1-5-32-544","PrincipalType":"Group","RightName":"Owner","AceType":"","IsInherited":false},{"PrincipalSID":"BADBLOOD.COM-S-1-5-32-544","PrincipalType":"Group","RightName":"WriteDacl","AceType":"","IsInherited":false},{"PrincipalSID":"BADBLOOD.COM-S-1-5-32-544","PrincipalType":"Group","RightName":"WriteOwner","AceType":"","IsInherited":false},{"PrincipalSID":"BADBLOOD.COM-S-1-5-32-544","PrincipalType":"Group","RightName":"ExtendedRight","AceType":"All","IsInherited":false},{"PrincipalSID":"S-1-5-21-752720426-403263186-3476391959-512","PrincipalType":"Group","RightName":"WriteDacl","AceType":"","IsInherited":false},{"PrincipalSID":"S-1-5-21-752720426-403263186-3476391959-512","PrincipalType":"Group","RightName":"WriteOwner","AceType":"","IsInherited":false},{"PrincipalSID":"S-1-5-21-752720426-403263186-3476391959-512","PrincipalType":"Group","RightName":"ExtendedRight","AceType":"All","IsInherited":false},{"PrincipalSID":"S-1-5-21-752720426-403263186-3476391959-519","PrincipalType":"Group","RightName":"GenericAll","AceType":"","IsInherited":false},{"PrincipalSID":"BADBLOOD.COM-S-1-5-9","PrincipalType":"Group","RightName":"ExtendedRight","AceType":"GetChanges","IsInherited":false},{"PrincipalSID":"BADBLOOD.COM-S-1-5-32-544","PrincipalType":"Group","RightName":"ExtendedRight","AceType":"GetChangesAll","IsInherited":false},{"PrincipalSID":"BADBLOOD.COM-S-1-5-32-544","PrincipalType":"Group","RightName":"ExtendedRight","AceType":"GetChanges","IsInherited":false},{"PrincipalSID":"S-1-5-21-752720426-403263186-3476391959-498","PrincipalType":"Group","RightName":"ExtendedRight","AceType":"GetChanges","IsInherited":false},{"PrincipalSID":"S-1-5-21-752720426-403263186-3476391959-516","PrincipalType":"Group","RightName":"ExtendedRight","AceType":"GetChangesAll","IsInherited":false}]}],"meta":{"count":1,"type":"domains","version":3}}